"Date","State/Territory","Net Interstate Migration"
"Jun-1981","New South Wales",-6330
"Sep-1981","New South Wales",-7768
"Dec-1981","New South Wales",-4528
"Mar-1982","New South Wales",-3824
"Jun-1982","New South Wales",-3464
"Sep-1982","New South Wales",-5094
"Dec-1982","New South Wales",-4193
"Mar-1983","New South Wales",-2809
"Jun-1983","New South Wales",-5085
"Sep-1983","New South Wales",-2955
"Dec-1983","New South Wales",-3333
"Mar-1984","New South Wales",-1565
"Jun-1984","New South Wales",-2414
"Sep-1984","New South Wales",-2640
"Dec-1984","New South Wales",-1646
"Mar-1985","New South Wales",-1219
"Jun-1985","New South Wales",-3823
"Sep-1985","New South Wales",-3549
"Dec-1985","New South Wales",-3641
"Mar-1986","New South Wales",-2127
"Jun-1986","New South Wales",-3145
"Sep-1986","New South Wales",-2476
"Dec-1986","New South Wales",-1397
"Mar-1987","New South Wales",-2887
"Jun-1987","New South Wales",-2764
"Sep-1987","New South Wales",-2003
"Dec-1987","New South Wales",-3141
"Mar-1988","New South Wales",-4029
"Jun-1988","New South Wales",-4167
"Sep-1988","New South Wales",-7495
"Dec-1988","New South Wales",-7594
"Mar-1989","New South Wales",-11342
"Jun-1989","New South Wales",-11543
"Sep-1989","New South Wales",-10427
"Dec-1989","New South Wales",-9163
"Mar-1990","New South Wales",-8884
"Jun-1990","New South Wales",-7509
"Sep-1990","New South Wales",-5141
"Dec-1990","New South Wales",-6389
"Mar-1991","New South Wales",-3372
"Jun-1991","New South Wales",-2304
"Sep-1991","New South Wales",-2989
"Dec-1991","New South Wales",-3719
"Mar-1992","New South Wales",-5164
"Jun-1992","New South Wales",-1935
"Sep-1992","New South Wales",-3407
"Dec-1992","New South Wales",-5250
"Mar-1993","New South Wales",-5784
"Jun-1993","New South Wales",-3094
"Sep-1993","New South Wales",-2998
"Dec-1993","New South Wales",-2895
"Mar-1994","New South Wales",-2330
"Jun-1994","New South Wales",-3957
"Sep-1994","New South Wales",-2412
"Dec-1994","New South Wales",-3658
"Mar-1995","New South Wales",-4447
"Jun-1995","New South Wales",-2961
"Sep-1995","New South Wales",-2527
"Dec-1995","New South Wales",-4506
"Mar-1996","New South Wales",-5522
"Jun-1996","New South Wales",-2215
"Sep-1996","New South Wales",-3401
"Dec-1996","New South Wales",-3241
"Mar-1997","New South Wales",-2519
"Jun-1997","New South Wales",-1500
"Sep-1997","New South Wales",-3144
"Dec-1997","New South Wales",-3555
"Mar-1998","New South Wales",-2425
"Jun-1998","New South Wales",-3125
"Sep-1998","New South Wales",-2663
"Dec-1998","New South Wales",-3750
"Mar-1999","New South Wales",-2909
"Jun-1999","New South Wales",-3728
"Sep-1999","New South Wales",-2970
"Dec-1999","New South Wales",-4295
"Mar-2000","New South Wales",-3580
"Jun-2000","New South Wales",-3429
"Sep-2000","New South Wales",-3427
"Dec-2000","New South Wales",-4272
"Mar-2001","New South Wales",-4182
"Jun-2001","New South Wales",-4434
"Sep-2001","New South Wales",-4092
"Dec-2001","New South Wales",-6814
"Mar-2002","New South Wales",-6631
"Jun-2002","New South Wales",-7565
"Sep-2002","New South Wales",-7317
"Dec-2002","New South Wales",-9561
"Mar-2003","New South Wales",-7417
"Jun-2003","New South Wales",-8172
"Sep-2003","New South Wales",-7741
"Dec-2003","New South Wales",-8616
"Mar-2004","New South Wales",-7239
"Jun-2004","New South Wales",-7502
"Sep-2004","New South Wales",-6116
"Dec-2004","New South Wales",-7071
"Mar-2005","New South Wales",-6828
"Jun-2005","New South Wales",-6306
"Sep-2005","New South Wales",-5563
"Dec-2005","New South Wales",-7787
"Mar-2006","New South Wales",-6188
"Jun-2006","New South Wales",-6038
"Sep-2006","New South Wales",-5523
"Dec-2006","New South Wales",-7796
"Mar-2007","New South Wales",-6051
"Jun-2007","New South Wales",-6901
"Sep-2007","New South Wales",-4892
"Dec-2007","New South Wales",-5070
"Mar-2008","New South Wales",-5330
"Jun-2008","New South Wales",-5488
"Sep-2008","New South Wales",-5323
"Dec-2008","New South Wales",-5386
"Mar-2009","New South Wales",-4537
"Jun-2009","New South Wales",-3421
"Sep-2009","New South Wales",-2197
"Dec-2009","New South Wales",-2536
"Mar-2010","New South Wales",-2065
"Jun-2010","New South Wales",-2660
"Sep-2010","New South Wales",-2293
"Dec-2010","New South Wales",-3831
"Mar-2011","New South Wales",-3360
"Jun-2011","New South Wales",-4012
"Sep-2011","New South Wales",-3698
"Dec-2011","New South Wales",-4999
"Mar-2012","New South Wales",-4948
"Jun-2012","New South Wales",-4470
"Sep-2012","New South Wales",-3786
"Dec-2012","New South Wales",-3718
"Mar-2013","New South Wales",-3725
"Jun-2013","New South Wales",-3416
"Sep-2013","New South Wales",-1713
"Dec-2013","New South Wales",-2466
"Mar-2014","New South Wales",-957
"Jun-2014","New South Wales",-1615
"Sep-2014","New South Wales",-1184
"Dec-2014","New South Wales",-1826
"Mar-2015","New South Wales",-1662
"Jun-2015","New South Wales",-2104
"Sep-2015","New South Wales",-2006
"Dec-2015","New South Wales",-3131
"Mar-2016","New South Wales",-3262
"Jun-2016","New South Wales",-3140
"Sep-2016","New South Wales",-2454
"Dec-2016","New South Wales",-4462
"Mar-2017","New South Wales",-4608
"Jun-2017","New South Wales",-4440
"Sep-2017","New South Wales",-4092
"Dec-2017","New South Wales",-6843
"Mar-2018","New South Wales",-5942
"Jun-2018","New South Wales",-5622
"Sep-2018","New South Wales",-4749
"Dec-2018","New South Wales",-7098
"Mar-2019","New South Wales",-6209
"Jun-2019","New South Wales",-5774
"Sep-2019","New South Wales",-5164
"Dec-2019","New South Wales",-7466
"Mar-2020","New South Wales",-5647
"Jun-2020","New South Wales",-4173
"Sep-2020","New South Wales",-7338
"Dec-2020","New South Wales",-9883
"Mar-2021","New South Wales",-9445
"Jun-2021","New South Wales",-7342
"Sep-2021","New South Wales",-12615
"Dec-2021","New South Wales",-13462
"Mar-2022","New South Wales",-9172
"Jun-2022","New South Wales",-4086
"Sep-2022","New South Wales",-7985
"Dec-2022","New South Wales",-10317
"Mar-2023","New South Wales",-7825
"Jun-2023","New South Wales",-8031
"Sep-2023","New South Wales",-7029
"Dec-2023","New South Wales",-8793
"Jun-1981","Victoria",-3330
"Sep-1981","Victoria",-4897
"Dec-1981","Victoria",-4354
"Mar-1982","Victoria",-3393
"Jun-1982","Victoria",-1785
"Sep-1982","Victoria",-1840
"Dec-1982","Victoria",-1739
"Mar-1983","Victoria",-1196
"Jun-1983","Victoria",-361
"Sep-1983","Victoria",-1221
"Dec-1983","Victoria",-1139
"Mar-1984","Victoria",-155
"Jun-1984","Victoria",-825
"Sep-1984","Victoria",-1255
"Dec-1984","Victoria",-1167
"Mar-1985","Victoria",-2328
"Jun-1985","Victoria",-1049
"Sep-1985","Victoria",-2754
"Dec-1985","Victoria",-4159
"Mar-1986","Victoria",-3458
"Jun-1986","Victoria",-2830
"Sep-1986","Victoria",-3195
"Dec-1986","Victoria",-3812
"Mar-1987","Victoria",-3921
"Jun-1987","Victoria",-2177
"Sep-1987","Victoria",-3371
"Dec-1987","Victoria",-4396
"Mar-1988","Victoria",-4823
"Jun-1988","Victoria",-1833
"Sep-1988","Victoria",-2076
"Dec-1988","Victoria",-3167
"Mar-1989","Victoria",-5125
"Jun-1989","Victoria",-2136
"Sep-1989","Victoria",-2340
"Dec-1989","Victoria",-1966
"Mar-1990","Victoria",-3139
"Jun-1990","Victoria",-384
"Sep-1990","Victoria",-2322
"Dec-1990","Victoria",-3208
"Mar-1991","Victoria",-5335
"Jun-1991","Victoria",-3988
"Sep-1991","Victoria",-4626
"Dec-1991","Victoria",-4506
"Mar-1992","Victoria",-5954
"Jun-1992","Victoria",-3341
"Sep-1992","Victoria",-6596
"Dec-1992","Victoria",-5120
"Mar-1993","Victoria",-7738
"Jun-1993","Victoria",-5934
"Sep-1993","Victoria",-8573
"Dec-1993","Victoria",-6473
"Mar-1994","Victoria",-8543
"Jun-1994","Victoria",-5606
"Sep-1994","Victoria",-5694
"Dec-1994","Victoria",-4907
"Mar-1995","Victoria",-6357
"Jun-1995","Victoria",-5062
"Sep-1995","Victoria",-4088
"Dec-1995","Victoria",-2698
"Mar-1996","Victoria",-3203
"Jun-1996","Victoria",-2811
"Sep-1996","Victoria",-2606
"Dec-1996","Victoria",-1361
"Mar-1997","Victoria",-684
"Jun-1997","Victoria",-1544
"Sep-1997","Victoria",-539
"Dec-1997","Victoria",126
"Mar-1998","Victoria",117
"Jun-1998","Victoria",26
"Sep-1998","Victoria",-427
"Dec-1998","Victoria",1678
"Mar-1999","Victoria",526
"Jun-1999","Victoria",750
"Sep-1999","Victoria",689
"Dec-1999","Victoria",1918
"Mar-2000","Victoria",1529
"Jun-2000","Victoria",1083
"Sep-2000","Victoria",1226
"Dec-2000","Victoria",1082
"Mar-2001","Victoria",1986
"Jun-2001","Victoria",869
"Sep-2001","Victoria",1020
"Dec-2001","Victoria",1229
"Mar-2002","Victoria",1796
"Jun-2002","Victoria",-436
"Sep-2002","Victoria",-489
"Dec-2002","Victoria",273
"Mar-2003","Victoria",517
"Jun-2003","Victoria",-1044
"Sep-2003","Victoria",-475
"Dec-2003","Victoria",-1219
"Mar-2004","Victoria",-365
"Jun-2004","Victoria",-992
"Sep-2004","Victoria",-672
"Dec-2004","Victoria",-554
"Mar-2005","Victoria",-910
"Jun-2005","Victoria",-934
"Sep-2005","Victoria",-1033
"Dec-2005","Victoria",-694
"Mar-2006","Victoria",298
"Jun-2006","Victoria",-402
"Sep-2006","Victoria",-203
"Dec-2006","Victoria",-306
"Mar-2007","Victoria",-556
"Jun-2007","Victoria",-552
"Sep-2007","Victoria",-148
"Dec-2007","Victoria",-1302
"Mar-2008","Victoria",118
"Jun-2008","Victoria",-592
"Sep-2008","Victoria",138
"Dec-2008","Victoria",111
"Mar-2009","Victoria",872
"Jun-2009","Victoria",402
"Sep-2009","Victoria",419
"Dec-2009","Victoria",899
"Mar-2010","Victoria",1057
"Jun-2010","Victoria",939
"Sep-2010","Victoria",334
"Dec-2010","Victoria",801
"Mar-2011","Victoria",1327
"Jun-2011","Victoria",1072
"Sep-2011","Victoria",505
"Dec-2011","Victoria",978
"Mar-2012","Victoria",759
"Jun-2012","Victoria",175
"Sep-2012","Victoria",582
"Dec-2012","Victoria",1732
"Mar-2013","Victoria",1882
"Jun-2013","Victoria",2224
"Sep-2013","Victoria",2051
"Dec-2013","Victoria",2439
"Mar-2014","Victoria",2655
"Jun-2014","Victoria",2594
"Sep-2014","Victoria",1703
"Dec-2014","Victoria",3289
"Mar-2015","Victoria",3105
"Jun-2015","Victoria",2982
"Sep-2015","Victoria",2661
"Dec-2015","Victoria",5197
"Mar-2016","Victoria",4602
"Jun-2016","Victoria",5179
"Sep-2016","Victoria",2432
"Dec-2016","Victoria",4893
"Mar-2017","Victoria",3945
"Jun-2017","Victoria",2478
"Sep-2017","Victoria",1711
"Dec-2017","Victoria",3130
"Mar-2018","Victoria",2456
"Jun-2018","Victoria",1804
"Sep-2018","Victoria",1373
"Dec-2018","Victoria",2365
"Mar-2019","Victoria",2033
"Jun-2019","Victoria",709
"Sep-2019","Victoria",61
"Dec-2019","Victoria",1159
"Mar-2020","Victoria",-386
"Jun-2020","Victoria",-3486
"Sep-2020","Victoria",-7109
"Dec-2020","Victoria",-10431
"Mar-2021","Victoria",-8960
"Jun-2021","Victoria",-9122
"Sep-2021","Victoria",1699
"Dec-2021","Victoria",-8276
"Mar-2022","Victoria",-4356
"Jun-2022","Victoria",-3932
"Sep-2022","Victoria",-783
"Dec-2022","Victoria",-884
"Mar-2023","Victoria",-45
"Jun-2023","Victoria",-151
"Sep-2023","Victoria",-39
"Dec-2023","Victoria",-40
"Jun-1981","Queensland",8558
"Sep-1981","Queensland",11740
"Dec-1981","Queensland",10128
"Mar-1982","Queensland",7005
"Jun-1982","Queensland",6580
"Sep-1982","Queensland",8184
"Dec-1982","Queensland",5730
"Mar-1983","Queensland",3430
"Jun-1983","Queensland",3487
"Sep-1983","Queensland",2932
"Dec-1983","Queensland",3080
"Mar-1984","Queensland",2310
"Jun-1984","Queensland",1637
"Sep-1984","Queensland",3683
"Dec-1984","Queensland",3639
"Mar-1985","Queensland",3401
"Jun-1985","Queensland",2197
"Sep-1985","Queensland",4012
"Dec-1985","Queensland",4607
"Mar-1986","Queensland",3861
"Jun-1986","Queensland",4020
"Sep-1986","Queensland",4157
"Dec-1986","Queensland",4969
"Mar-1987","Queensland",6292
"Jun-1987","Queensland",4300
"Sep-1987","Queensland",4950
"Dec-1987","Queensland",7329
"Mar-1988","Queensland",9097
"Jun-1988","Queensland",6344
"Sep-1988","Queensland",8992
"Dec-1988","Queensland",9828
"Mar-1989","Queensland",15327
"Jun-1989","Queensland",12915
"Sep-1989","Queensland",11289
"Dec-1989","Queensland",9441
"Mar-1990","Queensland",11167
"Jun-1990","Queensland",6205
"Sep-1990","Queensland",6175
"Dec-1990","Queensland",9002
"Mar-1991","Queensland",8867
"Jun-1991","Queensland",5665
"Sep-1991","Queensland",7384
"Dec-1991","Queensland",9047
"Mar-1992","Queensland",11028
"Jun-1992","Queensland",6640
"Sep-1992","Queensland",11467
"Dec-1992","Queensland",11289
"Mar-1993","Queensland",16153
"Jun-1993","Queensland",10253
"Sep-1993","Queensland",12267
"Dec-1993","Queensland",10143
"Mar-1994","Queensland",12793
"Jun-1994","Queensland",9733
"Sep-1994","Queensland",9339
"Dec-1994","Queensland",9954
"Mar-1995","Queensland",10659
"Jun-1995","Queensland",10272
"Sep-1995","Queensland",8643
"Dec-1995","Queensland",8898
"Mar-1996","Queensland",9495
"Jun-1996","Queensland",5578
"Sep-1996","Queensland",6409
"Dec-1996","Queensland",5321
"Mar-1997","Queensland",3561
"Jun-1997","Queensland",4314
"Sep-1997","Queensland",5274
"Dec-1997","Queensland",4995
"Mar-1998","Queensland",2925
"Jun-1998","Queensland",4230
"Sep-1998","Queensland",3638
"Dec-1998","Queensland",4640
"Mar-1999","Queensland",3682
"Jun-1999","Queensland",4722
"Sep-1999","Queensland",4057
"Dec-1999","Queensland",4572
"Mar-2000","Queensland",5133
"Jun-2000","Queensland",4691
"Sep-2000","Queensland",4653
"Dec-2000","Queensland",5890
"Mar-2001","Queensland",4301
"Jun-2001","Queensland",5180
"Sep-2001","Queensland",5363
"Dec-2001","Queensland",7833
"Mar-2002","Queensland",6746
"Jun-2002","Queensland",10093
"Sep-2002","Queensland",9565
"Dec-2002","Queensland",11033
"Mar-2003","Queensland",7943
"Jun-2003","Queensland",9443
"Sep-2003","Queensland",8866
"Dec-2003","Queensland",10101
"Mar-2004","Queensland",7675
"Jun-2004","Queensland",8856
"Sep-2004","Queensland",7315
"Dec-2004","Queensland",8506
"Mar-2005","Queensland",7467
"Jun-2005","Queensland",7083
"Sep-2005","Queensland",6313
"Dec-2005","Queensland",8278
"Mar-2006","Queensland",5464
"Jun-2006","Queensland",6552
"Sep-2006","Queensland",4853
"Dec-2006","Queensland",7284
"Mar-2007","Queensland",5619
"Jun-2007","Queensland",5625
"Sep-2007","Queensland",4775
"Dec-2007","Queensland",5934
"Mar-2008","Queensland",4248
"Jun-2008","Queensland",4452
"Sep-2008","Queensland",4447
"Dec-2008","Queensland",4369
"Mar-2009","Queensland",3031
"Jun-2009","Queensland",2855
"Sep-2009","Queensland",2082
"Dec-2009","Queensland",2023
"Mar-2010","Queensland",589
"Jun-2010","Queensland",1478
"Sep-2010","Queensland",1608
"Dec-2010","Queensland",1709
"Mar-2011","Queensland",1490
"Jun-2011","Queensland",1988
"Sep-2011","Queensland",2638
"Dec-2011","Queensland",3271
"Mar-2012","Queensland",3197
"Jun-2012","Queensland",2676
"Sep-2012","Queensland",2983
"Dec-2012","Queensland",2069
"Mar-2013","Queensland",1990
"Jun-2013","Queensland",1832
"Sep-2013","Queensland",1515
"Dec-2013","Queensland",2089
"Mar-2014","Queensland",911
"Jun-2014","Queensland",1779
"Sep-2014","Queensland",1653
"Dec-2014","Queensland",1836
"Mar-2015","Queensland",1382
"Jun-2015","Queensland",1990
"Sep-2015","Queensland",2119
"Dec-2015","Queensland",3250
"Mar-2016","Queensland",3187
"Jun-2016","Queensland",3430
"Sep-2016","Queensland",3379
"Dec-2016","Queensland",4626
"Mar-2017","Queensland",4351
"Jun-2017","Queensland",5138
"Sep-2017","Queensland",5369
"Dec-2017","Queensland",7607
"Mar-2018","Queensland",5753
"Jun-2018","Queensland",5834
"Sep-2018","Queensland",4883
"Dec-2018","Queensland",6954
"Mar-2019","Queensland",5189
"Jun-2019","Queensland",5620
"Sep-2019","Queensland",5598
"Dec-2019","Queensland",6548
"Mar-2020","Queensland",5580
"Jun-2020","Queensland",6033
"Sep-2020","Queensland",8939
"Dec-2020","Queensland",11792
"Mar-2021","Queensland",10090
"Jun-2021","Queensland",9402
"Sep-2021","Queensland",13930
"Dec-2021","Queensland",17639
"Mar-2022","Queensland",10546
"Jun-2022","Queensland",6665
"Sep-2022","Queensland",7053
"Dec-2022","Queensland",10281
"Mar-2023","Queensland",7071
"Jun-2023","Queensland",7850
"Sep-2023","Queensland",7423
"Dec-2023","Queensland",9251
"Jun-1981","South Australia",-1675
"Sep-1981","South Australia",-1846
"Dec-1981","South Australia",-988
"Mar-1982","South Australia",-602
"Jun-1982","South Australia",-1439
"Sep-1982","South Australia",-722
"Dec-1982","South Australia",60
"Mar-1983","South Australia",140
"Jun-1983","South Australia",194
"Sep-1983","South Australia",406
"Dec-1983","South Australia",88
"Mar-1984","South Australia",-185
"Jun-1984","South Australia",244
"Sep-1984","South Australia",-601
"Dec-1984","South Australia",-673
"Mar-1985","South Australia",-156
"Jun-1985","South Australia",-887
"Sep-1985","South Australia",-659
"Dec-1985","South Australia",-197
"Mar-1986","South Australia",-91
"Jun-1986","South Australia",-470
"Sep-1986","South Australia",-1094
"Dec-1986","South Australia",-1344
"Mar-1987","South Australia",-794
"Jun-1987","South Australia",-745
"Sep-1987","South Australia",-48
"Dec-1987","South Australia",-144
"Mar-1988","South Australia",-459
"Jun-1988","South Australia",-589
"Sep-1988","South Australia",-333
"Dec-1988","South Australia",138
"Mar-1989","South Australia",573
"Jun-1989","South Australia",-599
"Sep-1989","South Australia",-170
"Dec-1989","South Australia",136
"Mar-1990","South Australia",267
"Jun-1990","South Australia",-485
"Sep-1990","South Australia",446
"Dec-1990","South Australia",287
"Mar-1991","South Australia",575
"Jun-1991","South Australia",237
"Sep-1991","South Australia",156
"Dec-1991","South Australia",-325
"Mar-1992","South Australia",50
"Jun-1992","South Australia",-539
"Sep-1992","South Australia",-1324
"Dec-1992","South Australia",-810
"Mar-1993","South Australia",-2136
"Jun-1993","South Australia",-940
"Sep-1993","South Australia",-786
"Dec-1993","South Australia",-799
"Mar-1994","South Australia",-1445
"Jun-1994","South Australia",-948
"Sep-1994","South Australia",-1504
"Dec-1994","South Australia",-1357
"Mar-1995","South Australia",-2214
"Jun-1995","South Australia",-1994
"Sep-1995","South Australia",-2144
"Dec-1995","South Australia",-1493
"Mar-1996","South Australia",-1465
"Jun-1996","South Australia",-1090
"Sep-1996","South Australia",-1209
"Dec-1996","South Australia",-855
"Mar-1997","South Australia",-710
"Jun-1997","South Australia",-544
"Sep-1997","South Australia",-468
"Dec-1997","South Australia",-743
"Mar-1998","South Australia",-283
"Jun-1998","South Australia",-502
"Sep-1998","South Australia",-144
"Dec-1998","South Australia",-552
"Mar-1999","South Australia",-381
"Jun-1999","South Australia",-554
"Sep-1999","South Australia",-326
"Dec-1999","South Australia",-943
"Mar-2000","South Australia",-1425
"Jun-2000","South Australia",-837
"Sep-2000","South Australia",-618
"Dec-2000","South Australia",-789
"Mar-2001","South Australia",-821
"Jun-2001","South Australia",-190
"Sep-2001","South Australia",-509
"Dec-2001","South Australia",-32
"Mar-2002","South Australia",-396
"Jun-2002","South Australia",-371
"Sep-2002","South Australia",107
"Dec-2002","South Australia",-568
"Mar-2003","South Australia",-385
"Jun-2003","South Australia",-345
"Sep-2003","South Australia",-588
"Dec-2003","South Australia",-334
"Mar-2004","South Australia",-946
"Jun-2004","South Australia",-1042
"Sep-2004","South Australia",-468
"Dec-2004","South Australia",-1063
"Mar-2005","South Australia",-1017
"Jun-2005","South Australia",-678
"Sep-2005","South Australia",-724
"Dec-2005","South Australia",-947
"Mar-2006","South Australia",-205
"Jun-2006","South Australia",-835
"Sep-2006","South Australia",-500
"Dec-2006","South Australia",-1053
"Mar-2007","South Australia",-1033
"Jun-2007","South Australia",-785
"Sep-2007","South Australia",-888
"Dec-2007","South Australia",-958
"Mar-2008","South Australia",-1351
"Jun-2008","South Australia",-1024
"Sep-2008","South Australia",-1127
"Dec-2008","South Australia",-1418
"Mar-2009","South Australia",-1147
"Jun-2009","South Australia",-710
"Sep-2009","South Australia",-406
"Dec-2009","South Australia",-788
"Mar-2010","South Australia",-848
"Jun-2010","South Australia",-667
"Sep-2010","South Australia",-808
"Dec-2010","South Australia",-715
"Mar-2011","South Australia",-400
"Jun-2011","South Australia",-691
"Sep-2011","South Australia",-855
"Dec-2011","South Australia",-858
"Mar-2012","South Australia",-943
"Jun-2012","South Australia",-564
"Sep-2012","South Australia",-1038
"Dec-2012","South Australia",-1271
"Mar-2013","South Australia",-1269
"Jun-2013","South Australia",-1183
"Sep-2013","South Australia",-974
"Dec-2013","South Australia",-1319
"Mar-2014","South Australia",-837
"Jun-2014","South Australia",-760
"Sep-2014","South Australia",-926
"Dec-2014","South Australia",-1134
"Mar-2015","South Australia",-937
"Jun-2015","South Australia",-1573
"Sep-2015","South Australia",-1272
"Dec-2015","South Australia",-1972
"Mar-2016","South Australia",-1865
"Jun-2016","South Australia",-2103
"Sep-2016","South Australia",-1420
"Dec-2016","South Australia",-2305
"Mar-2017","South Australia",-1346
"Jun-2017","South Australia",-1229
"Sep-2017","South Australia",-1202
"Dec-2017","South Australia",-1641
"Mar-2018","South Australia",-950
"Jun-2018","South Australia",-879
"Sep-2018","South Australia",-704
"Dec-2018","South Australia",-1154
"Mar-2019","South Australia",-619
"Jun-2019","South Australia",-836
"Sep-2019","South Australia",-773
"Dec-2019","South Australia",-657
"Mar-2020","South Australia",-73
"Jun-2020","South Australia",250
"Sep-2020","South Australia",874
"Dec-2020","South Australia",1297
"Mar-2021","South Australia",1755
"Jun-2021","South Australia",925
"Sep-2021","South Australia",-1020
"Dec-2021","South Australia",650
"Mar-2022","South Australia",449
"Jun-2022","South Australia",152
"Sep-2022","South Australia",259
"Dec-2022","South Australia",-190
"Mar-2023","South Australia",-64
"Jun-2023","South Australia",-414
"Sep-2023","South Australia",-339
"Dec-2023","South Australia",-472
"Jun-1981","Western Australia",680
"Sep-1981","Western Australia",2002
"Dec-1981","Western Australia",441
"Mar-1982","Western Australia",494
"Jun-1982","Western Australia",621
"Sep-1982","Western Australia",504
"Dec-1982","Western Australia",394
"Mar-1983","Western Australia",34
"Jun-1983","Western Australia",578
"Sep-1983","Western Australia",444
"Dec-1983","Western Australia",221
"Mar-1984","Western Australia",-263
"Jun-1984","Western Australia",330
"Sep-1984","Western Australia",443
"Dec-1984","Western Australia",-67
"Mar-1985","Western Australia",370
"Jun-1985","Western Australia",1224
"Sep-1985","Western Australia",2104
"Dec-1985","Western Australia",2032
"Mar-1986","Western Australia",2522
"Jun-1986","Western Australia",2770
"Sep-1986","Western Australia",2068
"Dec-1986","Western Australia",1281
"Mar-1987","Western Australia",1584
"Jun-1987","Western Australia",1643
"Sep-1987","Western Australia",918
"Dec-1987","Western Australia",1143
"Mar-1988","Western Australia",1094
"Jun-1988","Western Australia",1119
"Sep-1988","Western Australia",1590
"Dec-1988","Western Australia",1425
"Mar-1989","Western Australia",461
"Jun-1989","Western Australia",1541
"Sep-1989","Western Australia",1338
"Dec-1989","Western Australia",872
"Mar-1990","Western Australia",716
"Jun-1990","Western Australia",86
"Sep-1990","Western Australia",267
"Dec-1990","Western Australia",-471
"Mar-1991","Western Australia",-1111
"Jun-1991","Western Australia",-476
"Sep-1991","Western Australia",-185
"Dec-1991","Western Australia",-87
"Mar-1992","Western Australia",-293
"Jun-1992","Western Australia",-749
"Sep-1992","Western Australia",534
"Dec-1992","Western Australia",-230
"Mar-1993","Western Australia",-1252
"Jun-1993","Western Australia",796
"Sep-1993","Western Australia",360
"Dec-1993","Western Australia",842
"Mar-1994","Western Australia",1096
"Jun-1994","Western Australia",1527
"Sep-1994","Western Australia",1487
"Dec-1994","Western Australia",541
"Mar-1995","Western Australia",1698
"Jun-1995","Western Australia",1375
"Sep-1995","Western Australia",1123
"Dec-1995","Western Australia",317
"Mar-1996","Western Australia",1188
"Jun-1996","Western Australia",1438
"Sep-1996","Western Australia",1289
"Dec-1996","Western Australia",994
"Mar-1997","Western Australia",1795
"Jun-1997","Western Australia",582
"Sep-1997","Western Australia",676
"Dec-1997","Western Australia",727
"Mar-1998","Western Australia",1312
"Jun-1998","Western Australia",512
"Sep-1998","Western Australia",838
"Dec-1998","Western Australia",-281
"Mar-1999","Western Australia",77
"Jun-1999","Western Australia",-338
"Sep-1999","Western Australia",-448
"Dec-1999","Western Australia",-767
"Mar-2000","Western Australia",-674
"Jun-2000","Western Australia",-298
"Sep-2000","Western Australia",-660
"Dec-2000","Western Australia",-869
"Mar-2001","Western Australia",-669
"Jun-2001","Western Australia",-912
"Sep-2001","Western Australia",-627
"Dec-2001","Western Australia",-1229
"Mar-2002","Western Australia",-778
"Jun-2002","Western Australia",-948
"Sep-2002","Western Australia",-778
"Dec-2002","Western Australia",-899
"Mar-2003","Western Australia",-286
"Jun-2003","Western Australia",-9
"Sep-2003","Western Australia",410
"Dec-2003","Western Australia",344
"Mar-2004","Western Australia",686
"Jun-2004","Western Australia",655
"Sep-2004","Western Australia",463
"Dec-2004","Western Australia",508
"Mar-2005","Western Australia",739
"Jun-2005","Western Australia",531
"Sep-2005","Western Australia",992
"Dec-2005","Western Australia",556
"Mar-2006","Western Australia",1387
"Jun-2006","Western Australia",998
"Sep-2006","Western Australia",1076
"Dec-2006","Western Australia",1152
"Mar-2007","Western Australia",1490
"Jun-2007","Western Australia",1644
"Sep-2007","Western Australia",932
"Dec-2007","Western Australia",789
"Mar-2008","Western Australia",1757
"Jun-2008","Western Australia",1513
"Sep-2008","Western Australia",1684
"Dec-2008","Western Australia",1499
"Mar-2009","Western Australia",1356
"Jun-2009","Western Australia",473
"Sep-2009","Western Australia",218
"Dec-2009","Western Australia",398
"Mar-2010","Western Australia",810
"Jun-2010","Western Australia",693
"Sep-2010","Western Australia",1397
"Dec-2010","Western Australia",1557
"Mar-2011","Western Australia",2038
"Jun-2011","Western Australia",2041
"Sep-2011","Western Australia",1444
"Dec-2011","Western Australia",2137
"Mar-2012","Western Australia",2672
"Jun-2012","Western Australia",2356
"Sep-2012","Western Australia",1484
"Dec-2012","Western Australia",1592
"Mar-2013","Western Australia",1601
"Jun-2013","Western Australia",999
"Sep-2013","Western Australia",-32
"Dec-2013","Western Australia",-459
"Mar-2014","Western Australia",-570
"Jun-2014","Western Australia",-663
"Sep-2014","Western Australia",-696
"Dec-2014","Western Australia",-1058
"Mar-2015","Western Australia",-1188
"Jun-2015","Western Australia",-1336
"Sep-2015","Western Australia",-1425
"Dec-2015","Western Australia",-2651
"Mar-2016","Western Australia",-2511
"Jun-2016","Western Australia",-3423
"Sep-2016","Western Australia",-2395
"Dec-2016","Western Australia",-3669
"Mar-2017","Western Australia",-3088
"Jun-2017","Western Australia",-2749
"Sep-2017","Western Australia",-2288
"Dec-2017","Western Australia",-2746
"Mar-2018","Western Australia",-1861
"Jun-2018","Western Australia",-1878
"Sep-2018","Western Australia",-847
"Dec-2018","Western Australia",-1913
"Mar-2019","Western Australia",-453
"Jun-2019","Western Australia",-194
"Sep-2019","Western Australia",-195
"Dec-2019","Western Australia",-304
"Mar-2020","Western Australia",505
"Jun-2020","Western Australia",262
"Sep-2020","Western Australia",2831
"Dec-2020","Western Australia",3941
"Mar-2021","Western Australia",4062
"Jun-2021","Western Australia",3169
"Sep-2021","Western Australia",312
"Dec-2021","Western Australia",5181
"Mar-2022","Western Australia",2647
"Jun-2022","Western Australia",2199
"Sep-2022","Western Australia",2634
"Dec-2022","Western Australia",3113
"Mar-2023","Western Australia",3175
"Jun-2023","Western Australia",2708
"Sep-2023","Western Australia",2237
"Dec-2023","Western Australia",2589
"Jun-1981","Tasmania",-274
"Sep-1981","Tasmania",-480
"Dec-1981","Tasmania",-810
"Mar-1982","Tasmania",-106
"Jun-1982","Tasmania",-626
"Sep-1982","Tasmania",-555
"Dec-1982","Tasmania",-328
"Mar-1983","Tasmania",-487
"Jun-1983","Tasmania",156
"Sep-1983","Tasmania",54
"Dec-1983","Tasmania",105
"Mar-1984","Tasmania",-5
"Jun-1984","Tasmania",541
"Sep-1984","Tasmania",106
"Dec-1984","Tasmania",147
"Mar-1985","Tasmania",14
"Jun-1985","Tasmania",510
"Sep-1985","Tasmania",-284
"Dec-1985","Tasmania",21
"Mar-1986","Tasmania",-26
"Jun-1986","Tasmania",151
"Sep-1986","Tasmania",-229
"Dec-1986","Tasmania",-260
"Mar-1987","Tasmania",-688
"Jun-1987","Tasmania",-331
"Sep-1987","Tasmania",-847
"Dec-1987","Tasmania",-440
"Mar-1988","Tasmania",-349
"Jun-1988","Tasmania",-288
"Sep-1988","Tasmania",-194
"Dec-1988","Tasmania",-232
"Mar-1989","Tasmania",92
"Jun-1989","Tasmania",537
"Sep-1989","Tasmania",681
"Dec-1989","Tasmania",446
"Mar-1990","Tasmania",481
"Jun-1990","Tasmania",1182
"Sep-1990","Tasmania",412
"Dec-1990","Tasmania",94
"Mar-1991","Tasmania",155
"Jun-1991","Tasmania",155
"Sep-1991","Tasmania",91
"Dec-1991","Tasmania",-30
"Mar-1992","Tasmania",-154
"Jun-1992","Tasmania",-196
"Sep-1992","Tasmania",-417
"Dec-1992","Tasmania",-44
"Mar-1993","Tasmania",-471
"Jun-1993","Tasmania",-562
"Sep-1993","Tasmania",-351
"Dec-1993","Tasmania",-490
"Mar-1994","Tasmania",-862
"Jun-1994","Tasmania",-404
"Sep-1994","Tasmania",-409
"Dec-1994","Tasmania",-753
"Mar-1995","Tasmania",-746
"Jun-1995","Tasmania",-748
"Sep-1995","Tasmania",-623
"Dec-1995","Tasmania",-614
"Mar-1996","Tasmania",-884
"Jun-1996","Tasmania",-469
"Sep-1996","Tasmania",-650
"Dec-1996","Tasmania",-919
"Mar-1997","Tasmania",-740
"Jun-1997","Tasmania",-1016
"Sep-1997","Tasmania",-791
"Dec-1997","Tasmania",-864
"Mar-1998","Tasmania",-952
"Jun-1998","Tasmania",-1026
"Sep-1998","Tasmania",-750
"Dec-1998","Tasmania",-1007
"Mar-1999","Tasmania",-862
"Jun-1999","Tasmania",-698
"Sep-1999","Tasmania",-600
"Dec-1999","Tasmania",-686
"Mar-2000","Tasmania",-687
"Jun-2000","Tasmania",-659
"Sep-2000","Tasmania",-649
"Dec-2000","Tasmania",-538
"Mar-2001","Tasmania",-393
"Jun-2001","Tasmania",-556
"Sep-2001","Tasmania",-392
"Dec-2001","Tasmania",-503
"Mar-2002","Tasmania",-226
"Jun-2002","Tasmania",-302
"Sep-2002","Tasmania",40
"Dec-2002","Tasmania",466
"Mar-2003","Tasmania",842
"Jun-2003","Tasmania",645
"Sep-2003","Tasmania",851
"Dec-2003","Tasmania",799
"Mar-2004","Tasmania",779
"Jun-2004","Tasmania",145
"Sep-2004","Tasmania",158
"Dec-2004","Tasmania",-71
"Mar-2005","Tasmania",107
"Jun-2005","Tasmania",73
"Sep-2005","Tasmania",-6
"Dec-2005","Tasmania",132
"Mar-2006","Tasmania",13
"Jun-2006","Tasmania",-221
"Sep-2006","Tasmania",-159
"Dec-2006","Tasmania",-118
"Mar-2007","Tasmania",-55
"Jun-2007","Tasmania",-205
"Sep-2007","Tasmania",247
"Dec-2007","Tasmania",225
"Mar-2008","Tasmania",193
"Jun-2008","Tasmania",65
"Sep-2008","Tasmania",355
"Dec-2008","Tasmania",513
"Mar-2009","Tasmania",261
"Jun-2009","Tasmania",-66
"Sep-2009","Tasmania",87
"Dec-2009","Tasmania",30
"Mar-2010","Tasmania",456
"Jun-2010","Tasmania",91
"Sep-2010","Tasmania",49
"Dec-2010","Tasmania",118
"Mar-2011","Tasmania",1
"Jun-2011","Tasmania",-215
"Sep-2011","Tasmania",-209
"Dec-2011","Tasmania",-640
"Mar-2012","Tasmania",-522
"Jun-2012","Tasmania",-554
"Sep-2012","Tasmania",-450
"Dec-2012","Tasmania",-249
"Mar-2013","Tasmania",-253
"Jun-2013","Tasmania",-334
"Sep-2013","Tasmania",-256
"Dec-2013","Tasmania",83
"Mar-2014","Tasmania",-44
"Jun-2014","Tasmania",-218
"Sep-2014","Tasmania",-65
"Dec-2014","Tasmania",-297
"Mar-2015","Tasmania",148
"Jun-2015","Tasmania",341
"Sep-2015","Tasmania",315
"Dec-2015","Tasmania",-185
"Mar-2016","Tasmania",240
"Jun-2016","Tasmania",390
"Sep-2016","Tasmania",309
"Dec-2016","Tasmania",485
"Mar-2017","Tasmania",506
"Jun-2017","Tasmania",641
"Sep-2017","Tasmania",685
"Dec-2017","Tasmania",515
"Mar-2018","Tasmania",995
"Jun-2018","Tasmania",834
"Sep-2018","Tasmania",566
"Dec-2018","Tasmania",649
"Mar-2019","Tasmania",527
"Jun-2019","Tasmania",469
"Sep-2019","Tasmania",45
"Dec-2019","Tasmania",311
"Mar-2020","Tasmania",236
"Jun-2020","Tasmania",296
"Sep-2020","Tasmania",797
"Dec-2020","Tasmania",1304
"Mar-2021","Tasmania",1397
"Jun-2021","Tasmania",1099
"Sep-2021","Tasmania",-625
"Dec-2021","Tasmania",221
"Mar-2022","Tasmania",191
"Jun-2022","Tasmania",-166
"Sep-2022","Tasmania",-262
"Dec-2022","Tasmania",-704
"Mar-2023","Tasmania",-862
"Jun-2023","Tasmania",-769
"Sep-2023","Tasmania",-744
"Dec-2023","Tasmania",-896
"Jun-1981","Northern Territory",1806
"Sep-1981","Northern Territory",1264
"Dec-1981","Northern Territory",935
"Mar-1982","Northern Territory",468
"Jun-1982","Northern Territory",-598
"Sep-1982","Northern Territory",-47
"Dec-1982","Northern Territory",174
"Mar-1983","Northern Territory",285
"Jun-1983","Northern Territory",118
"Sep-1983","Northern Territory",569
"Dec-1983","Northern Territory",394
"Mar-1984","Northern Territory",-221
"Jun-1984","Northern Territory",-16
"Sep-1984","Northern Territory",417
"Dec-1984","Northern Territory",2
"Mar-1985","Northern Territory",-237
"Jun-1985","Northern Territory",426
"Sep-1985","Northern Territory",466
"Dec-1985","Northern Territory",371
"Mar-1986","Northern Territory",-543
"Jun-1986","Northern Territory",-787
"Sep-1986","Northern Territory",142
"Dec-1986","Northern Territory",201
"Mar-1987","Northern Territory",15
"Jun-1987","Northern Territory",-478
"Sep-1987","Northern Territory",-185
"Dec-1987","Northern Territory",-904
"Mar-1988","Northern Territory",-1093
"Jun-1988","Northern Territory",-947
"Sep-1988","Northern Territory",-143
"Dec-1988","Northern Territory",-141
"Mar-1989","Northern Territory",-458
"Jun-1989","Northern Territory",-727
"Sep-1989","Northern Territory",-406
"Dec-1989","Northern Territory",-410
"Mar-1990","Northern Territory",-502
"Jun-1990","Northern Territory",148
"Sep-1990","Northern Territory",-332
"Dec-1990","Northern Territory",49
"Mar-1991","Northern Territory",-537
"Jun-1991","Northern Territory",-332
"Sep-1991","Northern Territory",90
"Dec-1991","Northern Territory",-419
"Mar-1992","Northern Territory",-56
"Jun-1992","Northern Territory",-584
"Sep-1992","Northern Territory",-431
"Dec-1992","Northern Territory",462
"Mar-1993","Northern Territory",-182
"Jun-1993","Northern Territory",-548
"Sep-1993","Northern Territory",126
"Dec-1993","Northern Territory",-215
"Mar-1994","Northern Territory",-425
"Jun-1994","Northern Territory",-361
"Sep-1994","Northern Territory",-519
"Dec-1994","Northern Territory",367
"Mar-1995","Northern Territory",778
"Jun-1995","Northern Territory",-242
"Sep-1995","Northern Territory",-188
"Dec-1995","Northern Territory",1068
"Mar-1996","Northern Territory",-46
"Jun-1996","Northern Territory",-506
"Sep-1996","Northern Territory",647
"Dec-1996","Northern Territory",365
"Mar-1997","Northern Territory",-2
"Jun-1997","Northern Territory",744
"Sep-1997","Northern Territory",-62
"Dec-1997","Northern Territory",-139
"Mar-1998","Northern Territory",-203
"Jun-1998","Northern Territory",-68
"Sep-1998","Northern Territory",-54
"Dec-1998","Northern Territory",-363
"Mar-1999","Northern Territory",-174
"Jun-1999","Northern Territory",-362
"Sep-1999","Northern Territory",-364
"Dec-1999","Northern Territory",83
"Mar-2000","Northern Territory",-472
"Jun-2000","Northern Territory",-154
"Sep-2000","Northern Territory",-374
"Dec-2000","Northern Territory",-621
"Mar-2001","Northern Territory",-374
"Jun-2001","Northern Territory",-223
"Sep-2001","Northern Territory",-414
"Dec-2001","Northern Territory",-740
"Mar-2002","Northern Territory",-663
"Jun-2002","Northern Territory",-181
"Sep-2002","Northern Territory",-827
"Dec-2002","Northern Territory",-769
"Mar-2003","Northern Territory",-1011
"Jun-2003","Northern Territory",-161
"Sep-2003","Northern Territory",-624
"Dec-2003","Northern Territory",-487
"Mar-2004","Northern Territory",-425
"Jun-2004","Northern Territory",49
"Sep-2004","Northern Territory",-11
"Dec-2004","Northern Territory",-95
"Mar-2005","Northern Territory",342
"Jun-2005","Northern Territory",374
"Sep-2005","Northern Territory",20
"Dec-2005","Northern Territory",-10
"Mar-2006","Northern Territory",-295
"Jun-2006","Northern Territory",-268
"Sep-2006","Northern Territory",267
"Dec-2006","Northern Territory",-35
"Mar-2007","Northern Territory",43
"Jun-2007","Northern Territory",168
"Sep-2007","Northern Territory",426
"Dec-2007","Northern Territory",440
"Mar-2008","Northern Territory",19
"Jun-2008","Northern Territory",504
"Sep-2008","Northern Territory",299
"Dec-2008","Northern Territory",59
"Mar-2009","Northern Territory",156
"Jun-2009","Northern Territory",420
"Sep-2009","Northern Territory",75
"Dec-2009","Northern Territory",-284
"Mar-2010","Northern Territory",-329
"Jun-2010","Northern Territory",-123
"Sep-2010","Northern Territory",-288
"Dec-2010","Northern Territory",-859
"Mar-2011","Northern Territory",-1077
"Jun-2011","Northern Territory",-325
"Sep-2011","Northern Territory",37
"Dec-2011","Northern Territory",-458
"Mar-2012","Northern Territory",-340
"Jun-2012","Northern Territory",70
"Sep-2012","Northern Territory",38
"Dec-2012","Northern Territory",-149
"Mar-2013","Northern Territory",-291
"Jun-2013","Northern Territory",-79
"Sep-2013","Northern Territory",-270
"Dec-2013","Northern Territory",-896
"Mar-2014","Northern Territory",-622
"Jun-2014","Northern Territory",-633
"Sep-2014","Northern Territory",-305
"Dec-2014","Northern Territory",-879
"Mar-2015","Northern Territory",-896
"Jun-2015","Northern Territory",-261
"Sep-2015","Northern Territory",-298
"Dec-2015","Northern Territory",-626
"Mar-2016","Northern Territory",-612
"Jun-2016","Northern Territory",-493
"Sep-2016","Northern Territory",-218
"Dec-2016","Northern Territory",-746
"Mar-2017","Northern Territory",-697
"Jun-2017","Northern Territory",-272
"Sep-2017","Northern Territory",-340
"Dec-2017","Northern Territory",-806
"Mar-2018","Northern Territory",-929
"Jun-2018","Northern Territory",-602
"Sep-2018","Northern Territory",-513
"Dec-2018","Northern Territory",-1065
"Mar-2019","Northern Territory",-888
"Jun-2019","Northern Territory",-546
"Sep-2019","Northern Territory",-217
"Dec-2019","Northern Territory",-503
"Mar-2020","Northern Territory",-253
"Jun-2020","Northern Territory",74
"Sep-2020","Northern Territory",238
"Dec-2020","Northern Territory",50
"Mar-2021","Northern Territory",-142
"Jun-2021","Northern Territory",-465
"Sep-2021","Northern Territory",-813
"Dec-2021","Northern Territory",-990
"Mar-2022","Northern Territory",-310
"Jun-2022","Northern Territory",-447
"Sep-2022","Northern Territory",-529
"Dec-2022","Northern Territory",-838
"Mar-2023","Northern Territory",-931
"Jun-2023","Northern Territory",-969
"Sep-2023","Northern Territory",-868
"Dec-2023","Northern Territory",-1189
"Jun-1981","ACT",565
"Sep-1981","ACT",-15
"Dec-1981","ACT",-824
"Mar-1982","ACT",-42
"Jun-1982","ACT",711
"Sep-1982","ACT",-430
"Dec-1982","ACT",-98
"Mar-1983","ACT",603
"Jun-1983","ACT",913
"Sep-1983","ACT",-229
"Dec-1983","ACT",584
"Mar-1984","ACT",84
"Jun-1984","ACT",503
"Sep-1984","ACT",-153
"Dec-1984","ACT",-235
"Mar-1985","ACT",155
"Jun-1985","ACT",1402
"Sep-1985","ACT",664
"Dec-1985","ACT",966
"Mar-1986","ACT",-138
"Jun-1986","ACT",291
"Sep-1986","ACT",627
"Dec-1986","ACT",362
"Mar-1987","ACT",399
"Jun-1987","ACT",552
"Sep-1987","ACT",586
"Dec-1987","ACT",553
"Mar-1988","ACT",562
"Jun-1988","ACT",361
"Sep-1988","ACT",-341
"Dec-1988","ACT",-257
"Mar-1989","ACT",472
"Jun-1989","ACT",12
"Sep-1989","ACT",35
"Dec-1989","ACT",644
"Mar-1990","ACT",-106
"Jun-1990","ACT",757
"Sep-1990","ACT",495
"Dec-1990","ACT",636
"Mar-1991","ACT",758
"Jun-1991","ACT",1043
"Sep-1991","ACT",79
"Dec-1991","ACT",39
"Mar-1992","ACT",543
"Jun-1992","ACT",704
"Sep-1992","ACT",174
"Dec-1992","ACT",-297
"Mar-1993","ACT",1410
"Jun-1993","ACT",29
"Sep-1993","ACT",-45
"Dec-1993","ACT",-113
"Mar-1994","ACT",-284
"Jun-1994","ACT",16
"Sep-1994","ACT",-288
"Dec-1994","ACT",-187
"Mar-1995","ACT",629
"Jun-1995","ACT",-640
"Sep-1995","ACT",-196
"Dec-1995","ACT",-972
"Mar-1996","ACT",437
"Jun-1996","ACT",75
"Sep-1996","ACT",-467
"Dec-1996","ACT",-292
"Mar-1997","ACT",-688
"Jun-1997","ACT",-1023
"Sep-1997","ACT",-934
"Dec-1997","ACT",-536
"Mar-1998","ACT",-477
"Jun-1998","ACT",-35
"Sep-1998","ACT",-427
"Dec-1998","ACT",-353
"Mar-1999","ACT",54
"Jun-1999","ACT",220
"Sep-1999","ACT",-26
"Dec-1999","ACT",130
"Mar-2000","ACT",189
"Jun-2000","ACT",-384
"Sep-2000","ACT",-145
"Dec-2000","ACT",122
"Mar-2001","ACT",158
"Jun-2001","ACT",272
"Sep-2001","ACT",-342
"Dec-2001","ACT",265
"Mar-2002","ACT",161
"Jun-2002","ACT",-281
"Sep-2002","ACT",-293
"Dec-2002","ACT",35
"Mar-2003","ACT",-195
"Jun-2003","ACT",-349
"Sep-2003","ACT",-691
"Dec-2003","ACT",-579
"Mar-2004","ACT",-155
"Jun-2004","ACT",-161
"Sep-2004","ACT",-663
"Dec-2004","ACT",-152
"Mar-2005","ACT",108
"Jun-2005","ACT",-135
"Sep-2005","ACT",11
"Dec-2005","ACT",486
"Mar-2006","ACT",-463
"Jun-2006","ACT",224
"Sep-2006","ACT",158
"Dec-2006","ACT",832
"Mar-2007","ACT",506
"Jun-2007","ACT",969
"Sep-2007","ACT",-485
"Dec-2007","ACT",-98
"Mar-2008","ACT",309
"Jun-2008","ACT",534
"Sep-2008","ACT",-506
"Dec-2008","ACT",211
"Mar-2009","ACT",-27
"Jun-2009","ACT",13
"Sep-2009","ACT",-308
"Dec-2009","ACT",221
"Mar-2010","ACT",297
"Jun-2010","ACT",217
"Sep-2010","ACT",4
"Dec-2010","ACT",1222
"Mar-2011","ACT",-16
"Jun-2011","ACT",144
"Sep-2011","ACT",139
"Dec-2011","ACT",570
"Mar-2012","ACT",125
"Jun-2012","ACT",311
"Sep-2012","ACT",186
"Dec-2012","ACT",-6
"Mar-2013","ACT",65
"Jun-2013","ACT",-43
"Sep-2013","ACT",-321
"Dec-2013","ACT",529
"Mar-2014","ACT",-536
"Jun-2014","ACT",-484
"Sep-2014","ACT",-180
"Dec-2014","ACT",69
"Mar-2015","ACT",47
"Jun-2015","ACT",-39
"Sep-2015","ACT",-96
"Dec-2015","ACT",113
"Mar-2016","ACT",214
"Jun-2016","ACT",152
"Sep-2016","ACT",367
"Dec-2016","ACT",1178
"Mar-2017","ACT",937
"Jun-2017","ACT",433
"Sep-2017","ACT",157
"Dec-2017","ACT",784
"Mar-2018","ACT",478
"Jun-2018","ACT",509
"Sep-2018","ACT",-9
"Dec-2018","ACT",1262
"Mar-2019","ACT",420
"Jun-2019","ACT",552
"Sep-2019","ACT",645
"Dec-2019","ACT",912
"Mar-2020","ACT",38
"Jun-2020","ACT",744
"Sep-2020","ACT",768
"Dec-2020","ACT",1930
"Mar-2021","ACT",1243
"Jun-2021","ACT",2334
"Sep-2021","ACT",-868
"Dec-2021","ACT",-963
"Mar-2022","ACT",5
"Jun-2022","ACT",-385
"Sep-2022","ACT",-387
"Dec-2022","ACT",-461
"Mar-2023","ACT",-519
"Jun-2023","ACT",-224
"Sep-2023","ACT",-641
"Dec-2023","ACT",-450
